<?xml version="1.0" encoding="UTF-8"?>
<export version="E">
  <design>
    <source>C:\Users\NBcra\Documents\pcb_moteur\pcb_moteur.kicad_sch</source>
    <date>09/06/2023 15:42:08</date>
    <tool>Eeschema (6.0.10)</tool>
    <sheet number="1" name="/" tstamps="/">
      <title_block>
        <title/>
        <company/>
        <rev/>
        <date/>
        <source>pcb_moteur.kicad_sch</source>
        <comment number="1" value=""/>
        <comment number="2" value=""/>
        <comment number="3" value=""/>
        <comment number="4" value=""/>
        <comment number="5" value=""/>
        <comment number="6" value=""/>
        <comment number="7" value=""/>
        <comment number="8" value=""/>
        <comment number="9" value=""/>
      </title_block>
    </sheet>
  </design>
  <components>
    <comp ref="J1">
      <value>fast_esp_1_15</value>
      <footprint>Connector_PinSocket_2.54mm:PinSocket_1x15_P2.54mm_Vertical</footprint>
      <libsource lib="Connector" part="Conn_01x15_Female" description="Generic connector, single row, 01x15, script generated (kicad-library-utils/schlib/autogen/connector/)"/>
      <property name="Sheetname" value=""/>
      <property name="Sheetfile" value="pcb_moteur.kicad_sch"/>
      <sheetpath names="/" tstamps="/"/>
      <tstamps>36ec2fce-7956-4ca8-b1e9-3c74128ba267</tstamps>
    </comp>
    <comp ref="J2">
      <value>fast_esp_15_30</value>
      <footprint>Connector_PinSocket_2.54mm:PinSocket_1x15_P2.54mm_Vertical</footprint>
      <libsource lib="Connector" part="Conn_01x15_Female" description="Generic connector, single row, 01x15, script generated (kicad-library-utils/schlib/autogen/connector/)"/>
      <property name="Sheetname" value=""/>
      <property name="Sheetfile" value="pcb_moteur.kicad_sch"/>
      <sheetpath names="/" tstamps="/"/>
      <tstamps>7495da21-b3cc-40e9-a30e-d6480a94e5fc</tstamps>
    </comp>
    <comp ref="J3">
      <value>alim_12v</value>
      <footprint>Connector_PinSocket_2.54mm:PinSocket_1x02_P2.54mm_Vertical</footprint>
      <libsource lib="Connector" part="Conn_01x02_Female" description="Generic connector, single row, 01x02, script generated (kicad-library-utils/schlib/autogen/connector/)"/>
      <property name="Sheetname" value=""/>
      <property name="Sheetfile" value="pcb_moteur.kicad_sch"/>
      <sheetpath names="/" tstamps="/"/>
      <tstamps>59c9a837-05be-4f00-814a-4686dc879858</tstamps>
    </comp>
    <comp ref="J4">
      <value>com_carte</value>
      <footprint>Connector_PinSocket_2.54mm:PinSocket_1x05_P2.54mm_Vertical</footprint>
      <libsource lib="Connector" part="Conn_01x05_Female" description="Generic connector, single row, 01x05, script generated (kicad-library-utils/schlib/autogen/connector/)"/>
      <property name="Sheetname" value=""/>
      <property name="Sheetfile" value="pcb_moteur.kicad_sch"/>
      <sheetpath names="/" tstamps="/"/>
      <tstamps>d0d3b90b-c0ae-4b9b-a733-3e1e09aad13e</tstamps>
    </comp>
    <comp ref="U1">
      <value>ESP32-DEVKIT-V1</value>
      <footprint>ESP32-DEVKIT-V1:MODULE_ESP32_DEVKIT_V1</footprint>
      <fields>
        <field name="MANUFACTURER">DOIT</field>
        <field name="MAXIMUM_PACKAGE_HEIGHT">6.8 mm</field>
        <field name="PARTREV">N/A</field>
        <field name="STANDARD">Manufacturer Recommendations</field>
      </fields>
      <libsource lib="ESP32-DEVKIT-V1" part="ESP32-DEVKIT-V1" description=""/>
      <property name="PARTREV" value="N/A"/>
      <property name="STANDARD" value="Manufacturer Recommendations"/>
      <property name="MAXIMUM_PACKAGE_HEIGHT" value="6.8 mm"/>
      <property name="MANUFACTURER" value="DOIT"/>
      <property name="Sheetname" value=""/>
      <property name="Sheetfile" value="pcb_moteur.kicad_sch"/>
      <sheetpath names="/" tstamps="/"/>
      <tstamps>e6a2fe1f-ebdd-4fb0-9ad6-607b4a6c7b01</tstamps>
    </comp>
    <comp ref="U2">
      <value>MP1584EN</value>
      <footprint>mp1584:mp1584e</footprint>
      <libsource lib="abaisseur_MP1584EN" part="MP1584EN" description=""/>
      <property name="Sheetname" value=""/>
      <property name="Sheetfile" value="pcb_moteur.kicad_sch"/>
      <sheetpath names="/" tstamps="/"/>
      <tstamps>c966c23b-71ab-43e4-b22e-0518f4e8a6ea</tstamps>
    </comp>
  </components>
  <libparts>
    <libpart lib="Connector" part="Conn_01x02_Female">
      <description>Generic connector, single row, 01x02, script generated (kicad-library-utils/schlib/autogen/connector/)</description>
      <docs>~</docs>
      <footprints>
        <fp>Connector*:*_1x??_*</fp>
      </footprints>
      <fields>
        <field name="Reference">J</field>
        <field name="Value">Conn_01x02_Female</field>
        <field name="Datasheet">~</field>
      </fields>
      <pins>
        <pin num="1" name="Pin_1" type="passive"/>
        <pin num="2" name="Pin_2" type="passive"/>
      </pins>
    </libpart>
    <libpart lib="Connector" part="Conn_01x05_Female">
      <description>Generic connector, single row, 01x05, script generated (kicad-library-utils/schlib/autogen/connector/)</description>
      <docs>~</docs>
      <footprints>
        <fp>Connector*:*_1x??_*</fp>
      </footprints>
      <fields>
        <field name="Reference">J</field>
        <field name="Value">Conn_01x05_Female</field>
        <field name="Datasheet">~</field>
      </fields>
      <pins>
        <pin num="1" name="Pin_1" type="passive"/>
        <pin num="2" name="Pin_2" type="passive"/>
        <pin num="3" name="Pin_3" type="passive"/>
        <pin num="4" name="Pin_4" type="passive"/>
        <pin num="5" name="Pin_5" type="passive"/>
      </pins>
    </libpart>
    <libpart lib="Connector" part="Conn_01x15_Female">
      <description>Generic connector, single row, 01x15, script generated (kicad-library-utils/schlib/autogen/connector/)</description>
      <docs>~</docs>
      <footprints>
        <fp>Connector*:*_1x??_*</fp>
      </footprints>
      <fields>
        <field name="Reference">J</field>
        <field name="Value">Conn_01x15_Female</field>
        <field name="Datasheet">~</field>
      </fields>
      <pins>
        <pin num="1" name="Pin_1" type="passive"/>
        <pin num="2" name="Pin_2" type="passive"/>
        <pin num="3" name="Pin_3" type="passive"/>
        <pin num="4" name="Pin_4" type="passive"/>
        <pin num="5" name="Pin_5" type="passive"/>
        <pin num="6" name="Pin_6" type="passive"/>
        <pin num="7" name="Pin_7" type="passive"/>
        <pin num="8" name="Pin_8" type="passive"/>
        <pin num="9" name="Pin_9" type="passive"/>
        <pin num="10" name="Pin_10" type="passive"/>
        <pin num="11" name="Pin_11" type="passive"/>
        <pin num="12" name="Pin_12" type="passive"/>
        <pin num="13" name="Pin_13" type="passive"/>
        <pin num="14" name="Pin_14" type="passive"/>
        <pin num="15" name="Pin_15" type="passive"/>
      </pins>
    </libpart>
    <libpart lib="ESP32-DEVKIT-V1" part="ESP32-DEVKIT-V1">
      <fields>
        <field name="Reference">U</field>
        <field name="Value">ESP32-DEVKIT-V1</field>
        <field name="Footprint">MODULE_ESP32_DEVKIT_V1</field>
        <field name="PARTREV">N/A</field>
        <field name="STANDARD">Manufacturer Recommendations</field>
        <field name="MAXIMUM_PACKAGE_HEIGHT">6.8 mm</field>
        <field name="MANUFACTURER">DOIT</field>
      </fields>
      <pins>
        <pin num="1" name="3V3" type="output"/>
        <pin num="2" name="GND" type="power_in"/>
        <pin num="3" name="D15" type="bidirectional"/>
        <pin num="4" name="D2" type="bidirectional"/>
        <pin num="5" name="D4" type="bidirectional"/>
        <pin num="6" name="RX2" type="input"/>
        <pin num="7" name="TX2" type="output"/>
        <pin num="8" name="D5" type="bidirectional"/>
        <pin num="9" name="D18" type="bidirectional"/>
        <pin num="10" name="D19" type="bidirectional"/>
        <pin num="11" name="D21" type="bidirectional"/>
        <pin num="12" name="RX0" type="input"/>
        <pin num="13" name="TX0" type="output"/>
        <pin num="14" name="D22" type="bidirectional"/>
        <pin num="15" name="D23" type="bidirectional"/>
        <pin num="16" name="EN" type="input"/>
        <pin num="17" name="VP" type="bidirectional"/>
        <pin num="18" name="VN" type="bidirectional"/>
        <pin num="19" name="D34" type="bidirectional"/>
        <pin num="20" name="D35" type="bidirectional"/>
        <pin num="21" name="D32" type="bidirectional"/>
        <pin num="22" name="D33" type="bidirectional"/>
        <pin num="23" name="D25" type="bidirectional"/>
        <pin num="24" name="D26" type="bidirectional"/>
        <pin num="25" name="D27" type="bidirectional"/>
        <pin num="26" name="D14" type="bidirectional"/>
        <pin num="27" name="D12" type="bidirectional"/>
        <pin num="28" name="D13" type="bidirectional"/>
        <pin num="29" name="GND" type="power_in"/>
        <pin num="30" name="VIN" type="input"/>
      </pins>
    </libpart>
    <libpart lib="abaisseur_MP1584EN" part="MP1584EN">
      <fields>
        <field name="Reference">U</field>
        <field name="Value">MP1584EN</field>
      </fields>
      <pins>
        <pin num="1" name="in+" type="input"/>
        <pin num="2" name="in-" type="input"/>
        <pin num="3" name="out+" type="output"/>
        <pin num="4" name="out-" type="output"/>
      </pins>
    </libpart>
  </libparts>
  <libraries>
    <library logical="Connector">
      <uri>C:\Program Files\KiCad\6.0\share\kicad\symbols\/Connector.kicad_sym</uri>
    </library>
    <library logical="ESP32-DEVKIT-V1">
      <uri>C:\Users\NBcra\Documents\pcb_moteur/ESP32-DEVKIT-V1/ESP32-DEVKIT-V1.kicad_sym</uri>
    </library>
    <library logical="abaisseur_MP1584EN">
      <uri>C:\Users\NBcra\Documents\KiCad\6.0\symbols\abaisseur_MP1584EN.kicad_sym</uri>
    </library>
  </libraries>
  <nets>
    <net code="1" name="3.3">
      <node ref="J1" pin="1" pinfunction="Pin_1" pintype="passive"/>
      <node ref="U1" pin="1" pinfunction="3V3" pintype="output"/>
    </net>
    <net code="2" name="5v">
      <node ref="J4" pin="2" pinfunction="Pin_2" pintype="passive"/>
      <node ref="U2" pin="3" pinfunction="out+" pintype="output"/>
    </net>
    <net code="3" name="12v">
      <node ref="J3" pin="1" pinfunction="Pin_1" pintype="passive"/>
      <node ref="J4" pin="1" pinfunction="Pin_1" pintype="passive"/>
      <node ref="U2" pin="1" pinfunction="in+" pintype="input"/>
    </net>
    <net code="4" name="d2">
      <node ref="J1" pin="4" pinfunction="Pin_4" pintype="passive"/>
      <node ref="U1" pin="4" pinfunction="D2" pintype="bidirectional"/>
    </net>
    <net code="5" name="d4">
      <node ref="J1" pin="5" pinfunction="Pin_5" pintype="passive"/>
      <node ref="U1" pin="5" pinfunction="D4" pintype="bidirectional"/>
    </net>
    <net code="6" name="d5">
      <node ref="J1" pin="8" pinfunction="Pin_8" pintype="passive"/>
      <node ref="U1" pin="8" pinfunction="D5" pintype="bidirectional"/>
    </net>
    <net code="7" name="d12">
      <node ref="J2" pin="4" pinfunction="Pin_4" pintype="passive"/>
      <node ref="U1" pin="27" pinfunction="D12" pintype="bidirectional"/>
    </net>
    <net code="8" name="d13">
      <node ref="J2" pin="3" pinfunction="Pin_3" pintype="passive"/>
      <node ref="U1" pin="28" pinfunction="D13" pintype="bidirectional"/>
    </net>
    <net code="9" name="d14">
      <node ref="J2" pin="5" pinfunction="Pin_5" pintype="passive"/>
      <node ref="U1" pin="26" pinfunction="D14" pintype="bidirectional"/>
    </net>
    <net code="10" name="d15">
      <node ref="J1" pin="3" pinfunction="Pin_3" pintype="passive"/>
      <node ref="U1" pin="3" pinfunction="D15" pintype="bidirectional"/>
    </net>
    <net code="11" name="d18">
      <node ref="J1" pin="9" pinfunction="Pin_9" pintype="passive"/>
      <node ref="U1" pin="9" pinfunction="D18" pintype="bidirectional"/>
    </net>
    <net code="12" name="d19">
      <node ref="J1" pin="10" pinfunction="Pin_10" pintype="passive"/>
      <node ref="U1" pin="10" pinfunction="D19" pintype="bidirectional"/>
    </net>
    <net code="13" name="d21">
      <node ref="J1" pin="11" pinfunction="Pin_11" pintype="passive"/>
      <node ref="U1" pin="11" pinfunction="D21" pintype="bidirectional"/>
    </net>
    <net code="14" name="d22">
      <node ref="J1" pin="14" pinfunction="Pin_14" pintype="passive"/>
      <node ref="U1" pin="14" pinfunction="D22" pintype="bidirectional"/>
    </net>
    <net code="15" name="d23">
      <node ref="J1" pin="15" pinfunction="Pin_15" pintype="passive"/>
      <node ref="U1" pin="15" pinfunction="D23" pintype="bidirectional"/>
    </net>
    <net code="16" name="d25">
      <node ref="J2" pin="8" pinfunction="Pin_8" pintype="passive"/>
      <node ref="U1" pin="23" pinfunction="D25" pintype="bidirectional"/>
    </net>
    <net code="17" name="d26">
      <node ref="J2" pin="7" pinfunction="Pin_7" pintype="passive"/>
      <node ref="U1" pin="24" pinfunction="D26" pintype="bidirectional"/>
    </net>
    <net code="18" name="d27">
      <node ref="J2" pin="6" pinfunction="Pin_6" pintype="passive"/>
      <node ref="U1" pin="25" pinfunction="D27" pintype="bidirectional"/>
    </net>
    <net code="19" name="d32">
      <node ref="J2" pin="10" pinfunction="Pin_10" pintype="passive"/>
      <node ref="U1" pin="21" pinfunction="D32" pintype="bidirectional"/>
    </net>
    <net code="20" name="d33">
      <node ref="J2" pin="9" pinfunction="Pin_9" pintype="passive"/>
      <node ref="U1" pin="22" pinfunction="D33" pintype="bidirectional"/>
    </net>
    <net code="21" name="d34">
      <node ref="J2" pin="12" pinfunction="Pin_12" pintype="passive"/>
      <node ref="U1" pin="19" pinfunction="D34" pintype="bidirectional"/>
    </net>
    <net code="22" name="d35">
      <node ref="J2" pin="11" pinfunction="Pin_11" pintype="passive"/>
      <node ref="U1" pin="20" pinfunction="D35" pintype="bidirectional"/>
    </net>
    <net code="23" name="en">
      <node ref="J2" pin="15" pinfunction="Pin_15" pintype="passive"/>
      <node ref="U1" pin="16" pinfunction="EN" pintype="input"/>
    </net>
    <net code="24" name="gnd">
      <node ref="J1" pin="2" pinfunction="Pin_2" pintype="passive"/>
      <node ref="J2" pin="2" pinfunction="Pin_2" pintype="passive"/>
      <node ref="J3" pin="2" pinfunction="Pin_2" pintype="passive"/>
      <node ref="J4" pin="3" pinfunction="Pin_3" pintype="passive"/>
      <node ref="U1" pin="2" pinfunction="GND" pintype="power_in"/>
      <node ref="U1" pin="29" pinfunction="GND" pintype="power_in"/>
      <node ref="U2" pin="2" pinfunction="in-" pintype="input"/>
      <node ref="U2" pin="4" pinfunction="out-" pintype="output"/>
    </net>
    <net code="25" name="rx0">
      <node ref="J1" pin="12" pinfunction="Pin_12" pintype="passive"/>
      <node ref="J4" pin="5" pinfunction="Pin_5" pintype="passive"/>
      <node ref="U1" pin="12" pinfunction="RX0" pintype="input"/>
    </net>
    <net code="26" name="rx2">
      <node ref="J1" pin="6" pinfunction="Pin_6" pintype="passive"/>
      <node ref="U1" pin="6" pinfunction="RX2" pintype="input"/>
    </net>
    <net code="27" name="tx0">
      <node ref="J1" pin="13" pinfunction="Pin_13" pintype="passive"/>
      <node ref="J4" pin="4" pinfunction="Pin_4" pintype="passive"/>
      <node ref="U1" pin="13" pinfunction="TX0" pintype="output"/>
    </net>
    <net code="28" name="tx2">
      <node ref="J1" pin="7" pinfunction="Pin_7" pintype="passive"/>
      <node ref="U1" pin="7" pinfunction="TX2" pintype="output"/>
    </net>
    <net code="29" name="vin">
      <node ref="J2" pin="1" pinfunction="Pin_1" pintype="passive"/>
      <node ref="U1" pin="30" pinfunction="VIN" pintype="input"/>
    </net>
    <net code="30" name="vn">
      <node ref="J2" pin="13" pinfunction="Pin_13" pintype="passive"/>
      <node ref="U1" pin="18" pinfunction="VN" pintype="bidirectional"/>
    </net>
    <net code="31" name="vp">
      <node ref="J2" pin="14" pinfunction="Pin_14" pintype="passive"/>
      <node ref="U1" pin="17" pinfunction="VP" pintype="bidirectional"/>
    </net>
  </nets>
</export>
